{
    "Equip_rate":{
        "ATK":0.0887,
        "ATK%":1,
        "DEF":0.161,
        "DEF%":1,
        "HP":0.01776,
        "HP%":1,
        "SD":2,
        "CC":1.6,
        "CD":1.143,
        "EF":1,
        "ER":1
    },
    "easy_show":{
        "1":0.0887,
        "2":1,
        "3":0.161,
        "4":1,
        "5":0.01776,
        "6":1,
        "7":2,
        "8":1.6,
        "9":1.143,
        "10":1,
        "11":1
    }
}